2016-11-23T13:08:01.607;11.0;3.0;13.0;8.0;0.0;0.0
2016-11-22T16:29:01.871;11.0;2.0;16.0;29.0;0.0;0.0
2016-11-21T14:35:01.627;11.0;1.0;14.0;35.0;0.0;0.0
2016-11-20T15:27:01.533;11.0;7.0;15.0;27.0;1.0;0.0
2016-11-16T15:51:02.055;11.0;3.0;15.0;51.0;0.0;0.0
2016-11-16T10:02:01.461;11.0;3.0;10.0;2.0;0.0;0.0
2016-11-15T19:36:02.175;11.0;2.0;19.0;36.0;0.0;0.0
2016-11-15T17:08:01.665;11.0;2.0;17.0;8.0;0.0;0.0
2016-11-14T18:40:01.779;11.0;1.0;18.0;40.0;0.0;0.0
2016-11-13T16:31:02.248;11.0;7.0;16.0;31.0;1.0;0.0
2016-11-12T14:14:02.346;11.0;6.0;14.0;14.0;1.0;0.0
2016-11-09T15:46:01.849;11.0;3.0;15.0;46.0;0.0;0.0
2016-11-08T16:01:01.608;11.0;2.0;16.0;1.0;0.0;0.0
2016-11-08T00:07:01.679;11.0;2.0;0.0;7.0;0.0;0.0
2016-11-06T16:56:02.255;11.0;7.0;16.0;56.0;1.0;0.0
2016-11-05T16:17:02.171;11.0;6.0;16.0;17.0;1.0;0.0
2016-11-05T12:19:01.973;11.0;6.0;12.0;19.0;1.0;0.0
2016-11-02T16:51:01.933;11.0;3.0;16.0;51.0;0.0;0.0
2016-11-01T17:56:02.050;11.0;2.0;17.0;56.0;0.0;0.0
2016-10-31T15:11:01.987;10.0;1.0;15.0;11.0;0.0;0.0
2016-10-30T13:43:01.849;10.0;7.0;13.0;43.0;1.0;0.0
2016-10-29T13:49:02.196;10.0;6.0;13.0;49.0;1.0;0.0
2016-10-26T15:47:02.330;10.0;3.0;15.0;47.0;0.0;0.0
2016-10-25T15:40:02.362;10.0;2.0;15.0;40.0;0.0;0.0
2016-10-23T16:07:01.661;10.0;7.0;16.0;7.0;1.0;0.0
2016-10-23T08:29:01.813;10.0;7.0;8.0;29.0;1.0;0.0
2016-10-22T12:42:11.006;10.0;6.0;12.0;42.0;1.0;0.0
2016-10-22T11:18:01.676;10.0;6.0;11.0;18.0;1.0;0.0
2016-10-19T15:10:01.620;10.0;3.0;15.0;10.0;0.0;0.0
2016-10-18T14:18:02.391;10.0;2.0;14.0;18.0;0.0;0.0
2016-10-17T14:57:01.814;10.0;1.0;14.0;57.0;0.0;0.0
2016-10-16T15:00:02.053;10.0;7.0;15.0;0.0;1.0;0.0
2016-10-12T16:29:02.450;10.0;3.0;16.0;29.0;0.0;0.0
2016-10-11T14:32:02.213;10.0;2.0;14.0;32.0;0.0;0.0
2016-10-09T15:58:10;10.0;7.0;15.0;58.0;1.0;0.0
2016-10-07T14:58:01.808;10.0;5.0;14.0;58.0;0.0;0.0
2016-10-07T14:24:01.785;10.0;5.0;14.0;24.0;0.0;0.0
2016-10-06T01:53:02.137;10.0;4.0;1.0;53.0;0.0;0.0
2016-10-06T01:33:01.517;10.0;4.0;1.0;33.0;0.0;0.0
2016-10-05T14:50:01.993;10.0;3.0;14.0;50.0;0.0;0.0
2016-10-04T15:08:01.766;10.0;2.0;15.0;8.0;0.0;0.0
2016-10-03T15:08:02.084;10.0;1.0;15.0;8.0;0.0;1.0
2016-10-02T13:07:01.636;10.0;7.0;13.0;7.0;1.0;0.0
2016-10-02T09:48:01.472;10.0;7.0;9.0;48.0;1.0;0.0
2016-09-28T16:09:01.637;9.0;3.0;16.0;9.0;0.0;0.0
2016-09-28T14:55:01.468;9.0;3.0;14.0;55.0;0.0;0.0
2016-09-27T15:08:02.358;9.0;2.0;15.0;8.0;0.0;0.0
2016-09-25T13:44:01.679;9.0;7.0;13.0;44.0;1.0;0.0
2016-09-24T15:36:01.473;9.0;6.0;15.0;36.0;1.0;0.0
2016-09-21T12:24:02.325;9.0;3.0;12.0;24.0;0.0;0.0
2016-09-20T14:13:02.121;9.0;2.0;14.0;13.0;0.0;0.0
2016-09-19T15:34:01.848;9.0;1.0;15.0;34.0;0.0;0.0
2016-09-18T16:38:02.233;9.0;7.0;16.0;38.0;1.0;0.0
2016-09-16T12:45:02.050;9.0;5.0;12.0;45.0;0.0;0.0
2016-09-14T14:48:02.422;9.0;3.0;14.0;48.0;0.0;0.0
2016-09-13T16:36:02.149;9.0;2.0;16.0;36.0;0.0;0.0
2016-09-11T15:22:01.831;9.0;7.0;15.0;22.0;1.0;0.0
2016-09-07T22:07:02.168;9.0;3.0;22.0;7.0;0.0;0.0
2016-09-07T14:50:02.313;9.0;3.0;14.0;50.0;0.0;0.0
2016-09-06T16:19:02.362;9.0;2.0;16.0;19.0;0.0;0.0
2016-09-02T09:20:02.035;9.0;5.0;9.0;20.0;0.0;0.0
2016-08-31T15:25:01.864;8.0;3.0;15.0;25.0;0.0;0.0
2016-08-30T15:58:02.323;8.0;2.0;15.0;58.0;0.0;0.0
2016-08-27T15:54:02.326;8.0;6.0;15.0;54.0;1.0;0.0
2016-08-24T15:05:02.136;8.0;3.0;15.0;5.0;0.0;0.0
2016-08-23T14:28:01.488;8.0;2.0;14.0;28.0;0.0;0.0
2016-08-21T13:39:01.986;8.0;7.0;13.0;39.0;1.0;0.0
2016-08-17T14:56:01.989;8.0;3.0;14.0;56.0;0.0;0.0
2016-08-16T14:40:01.939;8.0;2.0;14.0;40.0;0.0;0.0
2016-08-15T15:57:01.718;8.0;1.0;15.0;57.0;0.0;0.0
2016-08-14T17:12:02.448;8.0;7.0;17.0;12.0;1.0;0.0
2016-08-13T01:18:01.928;8.0;6.0;1.0;18.0;1.0;0.0
2016-08-12T11:10:02.399;8.0;5.0;11.0;10.0;0.0;0.0
2016-08-10T15:52:01.679;8.0;3.0;15.0;52.0;0.0;0.0
2016-08-09T15:12:01.687;8.0;2.0;15.0;12.0;0.0;0.0
2016-08-07T23:57:25.959;8.0;7.0;23.0;57.0;1.0;0.0
2016-08-07T23:48:25.974;8.0;7.0;23.0;48.0;1.0;0.0
2016-08-07T23:24:35.363;8.0;7.0;23.0;24.0;1.0;0.0
2016-08-07T23:18:21.495;8.0;7.0;23.0;18.0;1.0;0.0
2016-08-07T22:00:08.106;8.0;7.0;22.0;0.0;1.0;0.0
2016-08-07T21:50:19.781;8.0;7.0;21.0;50.0;1.0;0.0
2016-08-07T21:46:33.744;8.0;7.0;21.0;46.0;1.0;0.0
2016-08-07T21:41:31.603;8.0;7.0;21.0;41.0;1.0;0.0
2016-08-07T21:36:15.596;8.0;7.0;21.0;36.0;1.0;0.0
2016-08-07T21:32:31.466;8.0;7.0;21.0;32.0;1.0;0.0
2016-08-07T21:21:56.457;8.0;7.0;21.0;21.0;1.0;0.0
2016-08-06T17:08:02.309;8.0;6.0;17.0;8.0;1.0;0.0
2016-08-03T14:42:01.863;8.0;3.0;14.0;42.0;0.0;0.0
2016-08-02T15:49:02.221;8.0;2.0;15.0;49.0;0.0;0.0
2016-07-31T14:30:02.240;7.0;7.0;14.0;30.0;1.0;0.0
2016-07-30T16:47:01.709;7.0;6.0;16.0;47.0;1.0;0.0
2016-07-27T09:47:01.763;7.0;3.0;9.0;47.0;0.0;0.0
2016-07-26T16:08:01.747;7.0;2.0;16.0;8.0;0.0;0.0
2016-07-25T13:13:02.353;7.0;1.0;13.0;13.0;0.0;0.0
2016-07-24T16:15:02.131;7.0;7.0;16.0;15.0;1.0;0.0
2016-07-22T15:55:01.941;7.0;5.0;15.0;55.0;0.0;0.0
2016-07-20T14:50:02.295;7.0;3.0;14.0;50.0;0.0;0.0
2016-07-19T14:28:01.550;7.0;2.0;14.0;28.0;0.0;0.0
2016-07-18T15:50:02.213;7.0;1.0;15.0;50.0;0.0;0.0
2016-07-17T14:23:02.206;7.0;7.0;14.0;23.0;1.0;0.0
2016-07-15T11:22:01.939;7.0;5.0;11.0;22.0;0.0;0.0
2016-07-13T14:38:02.440;7.0;3.0;14.0;38.0;0.0;0.0
2016-07-12T15:35:02.314;7.0;2.0;15.0;35.0;0.0;0.0
2016-07-10T15:36:01.688;7.0;7.0;15.0;36.0;1.0;0.0
2016-07-06T16:57:02.357;7.0;3.0;16.0;57.0;0.0;0.0
2016-07-06T14:49:01.534;7.0;3.0;14.0;49.0;0.0;0.0
2016-07-05T14:29:02.308;7.0;2.0;14.0;29.0;0.0;0.0
2016-07-03T14:12:02.578;7.0;7.0;14.0;12.0;1.0;0.0
2016-06-30T08:34:25.954;6.0;4.0;8.0;34.0;0.0;0.0
2016-06-29T14:42:01.778;6.0;3.0;14.0;42.0;0.0;0.0
2016-06-28T17:18:01.623;6.0;2.0;17.0;18.0;0.0;0.0
2016-06-26T15:13:02.349;6.0;7.0;15.0;13.0;1.0;0.0
2016-06-22T14:52:02.415;6.0;3.0;14.0;52.0;0.0;0.0
2016-06-21T20:07:02.678;6.0;2.0;20.0;7.0;0.0;0.0
2016-06-21T17:42:01.922;6.0;2.0;17.0;42.0;0.0;0.0
2016-06-20T19:55:37.174;6.0;1.0;19.0;55.0;0.0;0.0
2016-06-19T15:47:01.641;6.0;7.0;15.0;47.0;1.0;0.0
2016-06-15T15:32:01.872;6.0;3.0;15.0;32.0;0.0;0.0
2016-06-14T14:29:02.278;6.0;2.0;14.0;29.0;0.0;0.0
2016-06-14T10:15:02.708;6.0;2.0;10.0;15.0;0.0;0.0
2016-06-12T06:49:01.779;6.0;7.0;6.0;49.0;1.0;0.0
2016-06-11T10:13:02.278;6.0;6.0;10.0;13.0;1.0;0.0
2016-06-08T14:26:02.627;6.0;3.0;14.0;26.0;0.0;0.0
2016-06-07T15:11:02.049;6.0;2.0;15.0;11.0;0.0;0.0
2016-06-06T13:29:02.377;6.0;1.0;13.0;29.0;0.0;0.0
2016-06-05T15:36:02.565;6.0;7.0;15.0;36.0;1.0;0.0
2016-06-01T14:33:02.302;6.0;3.0;14.0;33.0;0.0;0.0
2016-05-31T15:57:02.414;5.0;2.0;15.0;57.0;0.0;0.0
2016-05-29T17:53:02.305;5.0;7.0;17.0;53.0;1.0;0.0
2016-05-26T14:33:02.403;5.0;4.0;14.0;33.0;0.0;0.0
2016-05-25T15:43:01.818;5.0;3.0;15.0;43.0;0.0;0.0
2016-05-24T15:52:02.060;5.0;2.0;15.0;52.0;0.0;0.0
2016-05-22T14:13:02.376;5.0;7.0;14.0;13.0;1.0;0.0
2016-05-18T15:11:02.088;5.0;3.0;15.0;11.0;0.0;0.0
2016-05-17T16:55:02.406;5.0;2.0;16.0;55.0;0.0;0.0
2016-05-16T15:55:01.915;5.0;1.0;15.0;55.0;0.0;1.0
2016-05-15T15:30:02.461;5.0;7.0;15.0;30.0;1.0;1.0
2016-05-14T11:30:02.419;5.0;6.0;11.0;30.0;1.0;0.0
2016-05-11T17:15:01.669;5.0;3.0;17.0;15.0;0.0;0.0
2016-05-11T16:45:01.841;5.0;3.0;16.0;45.0;0.0;0.0
2016-05-11T15:27:02.410;5.0;3.0;15.0;27.0;0.0;0.0
2016-05-11T15:12:01.957;5.0;3.0;15.0;12.0;0.0;0.0
2016-05-10T22:35:02.389;5.0;2.0;22.0;35.0;0.0;0.0
2016-05-10T14:55:02.375;5.0;2.0;14.0;55.0;0.0;0.0
2016-05-08T13:40:02.585;5.0;7.0;13.0;40.0;1.0;0.0
2016-05-04T20:47:02.238;5.0;3.0;20.0;47.0;0.0;0.0
2016-05-04T15:51:05.296;5.0;3.0;15.0;51.0;0.0;0.0
2016-05-04T03:55:18.122;5.0;3.0;3.0;55.0;0.0;0.0
2016-05-04T01:45:01.695;5.0;3.0;1.0;45.0;0.0;0.0
2016-05-03T21:45:53.615;5.0;2.0;21.0;45.0;0.0;0.0
2016-05-03T17:32:01.847;5.0;2.0;17.0;32.0;0.0;0.0
2016-05-03T10:02:02.235;5.0;2.0;10.0;2.0;0.0;0.0
2016-05-02T12:11:02.390;5.0;1.0;12.0;11.0;0.0;0.0
2016-05-01T14:53:01.814;5.0;7.0;14.0;53.0;1.0;1.0
2016-04-30T15:13:02.144;4.0;6.0;15.0;13.0;1.0;0.0
2016-04-27T19:47:01.880;4.0;3.0;19.0;47.0;0.0;0.0
2016-04-27T15:27:01.945;4.0;3.0;15.0;27.0;0.0;0.0
2016-04-26T16:43:02.601;4.0;2.0;16.0;43.0;0.0;0.0
2016-04-24T16:10:03.023;4.0;7.0;16.0;10.0;1.0;0.0
2016-04-24T11:39:43.443;4.0;7.0;11.0;39.0;1.0;0.0
2016-04-23T15:38:01.752;4.0;6.0;15.0;38.0;1.0;0.0
2016-04-20T14:36:02.193;4.0;3.0;14.0;36.0;0.0;0.0
2016-04-19T14:15:01.809;4.0;2.0;14.0;15.0;0.0;0.0
2016-04-18T15:44:01.851;4.0;1.0;15.0;44.0;0.0;0.0
2016-04-17T15:02:02.503;4.0;7.0;15.0;2.0;1.0;0.0
2016-04-16T11:09:02.629;4.0;6.0;11.0;9.0;1.0;0.0
2016-04-13T14:25:02.784;4.0;3.0;14.0;25.0;0.0;0.0
2016-04-12T15:31:02.458;4.0;2.0;15.0;31.0;0.0;0.0
2016-04-10T15:19:01.790;4.0;7.0;15.0;19.0;1.0;0.0
2016-04-09T13:52:01.983;4.0;6.0;13.0;52.0;1.0;0.0
2016-04-06T14:29:02.094;4.0;3.0;14.0;29.0;0.0;0.0
2016-04-05T14:33:01.844;4.0;2.0;14.0;33.0;0.0;0.0
2016-04-04T15:06:02.034;4.0;1.0;15.0;6.0;0.0;0.0
2016-04-03T16:07:01.521;4.0;7.0;16.0;7.0;1.0;0.0
2016-04-02T16:45:02.750;4.0;6.0;16.0;45.0;1.0;0.0
2016-03-30T19:39:01.919;3.0;3.0;19.0;39.0;0.0;0.0
2016-03-29T15:45:01.919;3.0;2.0;15.0;45.0;0.0;0.0
2016-03-27T17:49:02.144;3.0;7.0;17.0;49.0;1.0;1.0
2016-03-26T08:55:02.516;3.0;6.0;8.0;55.0;1.0;0.0
2016-03-23T15:30:01.494;3.0;3.0;15.0;30.0;0.0;0.0
2016-03-22T15:08:02.443;3.0;2.0;15.0;8.0;0.0;0.0
2016-03-21T15:55:02.265;3.0;1.0;15.0;55.0;0.0;0.0
2016-03-20T15:19:01.602;3.0;7.0;15.0;19.0;1.0;0.0
2016-03-16T15:15:01.701;3.0;3.0;15.0;15.0;0.0;0.0
2016-03-15T17:01:02.321;3.0;2.0;17.0;1.0;0.0;0.0
2016-03-13T17:04:02.111;3.0;7.0;17.0;4.0;1.0;0.0
2016-03-10T17:26:02.057;3.0;4.0;17.0;26.0;0.0;0.0
2016-03-09T15:26:01.885;3.0;3.0;15.0;26.0;0.0;0.0
2016-03-08T19:17:02.363;3.0;2.0;19.0;17.0;0.0;0.0
2016-03-06T17:55:02.139;3.0;7.0;17.0;55.0;1.0;0.0
2016-03-06T15:59:02.359;3.0;7.0;15.0;59.0;1.0;0.0
2016-03-05T18:29:01.451;3.0;6.0;18.0;29.0;1.0;0.0
2016-03-05T14:28:02.151;3.0;6.0;14.0;28.0;1.0;0.0
2016-03-03T16:33:02.063;3.0;4.0;16.0;33.0;0.0;0.0
2016-03-02T20:54:02.436;3.0;3.0;20.0;54.0;0.0;0.0
2016-03-02T11:17:01.862;3.0;3.0;11.0;17.0;0.0;0.0
2016-03-01T15:45:02.228;3.0;2.0;15.0;45.0;0.0;0.0
2016-02-29T09:39:02.677;2.0;1.0;9.0;39.0;0.0;0.0
2016-02-29T04:25:08.877;2.0;1.0;4.0;25.0;0.0;0.0
2016-02-29T04:21:00.732;2.0;1.0;4.0;21.0;0.0;0.0
2016-02-28T16:21:01.410;2.0;7.0;16.0;21.0;1.0;0.0
2016-02-27T19:19:01.714;2.0;6.0;19.0;19.0;1.0;0.0
2016-02-27T11:44:01.599;2.0;6.0;11.0;44.0;1.0;0.0
2016-02-26T16:32:01.459;2.0;5.0;16.0;32.0;0.0;0.0
2016-02-26T12:42:02.414;2.0;5.0;12.0;42.0;0.0;0.0
2016-02-25T18:50:01.548;2.0;4.0;18.0;50.0;0.0;0.0
2016-02-24T19:12:01.696;2.0;3.0;19.0;12.0;0.0;0.0
2016-02-24T15:31:01.885;2.0;3.0;15.0;31.0;0.0;0.0
2016-02-21T20:53:01.690;2.0;7.0;20.0;53.0;1.0;0.0
2016-02-21T15:21:01.719;2.0;7.0;15.0;21.0;1.0;0.0
2016-02-20T15:21:02.117;2.0;6.0;15.0;21.0;1.0;0.0
2016-02-20T14:53:10.979;2.0;6.0;14.0;53.0;1.0;0.0
2016-02-20T13:30:01.653;2.0;6.0;13.0;30.0;1.0;0.0
2016-02-20T12:07:02.274;2.0;6.0;12.0;7.0;1.0;0.0
2016-02-18T20:22:02.063;2.0;4.0;20.0;22.0;0.0;0.0
2016-02-18T17:00:01.849;2.0;4.0;17.0;0.0;0.0;0.0
2016-02-17T15:29:02.377;2.0;3.0;15.0;29.0;0.0;0.0
2016-02-16T18:35:02.400;2.0;2.0;18.0;35.0;0.0;0.0
2016-02-15T16:55:01.638;2.0;1.0;16.0;55.0;0.0;0.0
2016-02-14T19:26:02.025;2.0;7.0;19.0;26.0;1.0;0.0
2016-02-14T17:18:01.765;2.0;7.0;17.0;18.0;1.0;0.0
2016-02-11T17:14:01.650;2.0;4.0;17.0;14.0;0.0;0.0
2016-02-10T16:42;2.0;3.0;16.0;42.0;0.0;0.0
2016-02-07T15:44:02.166;2.0;7.0;15.0;44.0;1.0;0.0
2016-02-06T11:48:01.940;2.0;6.0;11.0;48.0;1.0;0.0
2016-02-06T09:10:02.402;2.0;6.0;9.0;10.0;1.0;0.0
2016-02-05T09:46:01.553;2.0;5.0;9.0;46.0;0.0;0.0
2016-02-04T15:13:01.837;2.0;4.0;15.0;13.0;0.0;0.0
2016-02-03T16:20:01.550;2.0;3.0;16.0;20.0;0.0;0.0
2016-02-03T11:17:02.403;2.0;3.0;11.0;17.0;0.0;0.0
2016-02-01T19:38:02.169;2.0;1.0;19.0;38.0;0.0;0.0
2016-01-31T18:07:41.191;1.0;7.0;18.0;7.0;1.0;0.0
2016-01-31T15:58:02.445;1.0;7.0;15.0;58.0;1.0;0.0
2016-01-28T18:13:05.495;1.0;4.0;18.0;13.0;0.0;0.0
2016-01-27T14:50:01.490;1.0;3.0;14.0;50.0;0.0;0.0
2016-01-24T17:05:02.448;1.0;7.0;17.0;5.0;1.0;0.0
2016-01-23T11:59:01.936;1.0;6.0;11.0;59.0;1.0;0.0
2016-01-23T09:31:02.471;1.0;6.0;9.0;31.0;1.0;0.0
2016-01-22T09:32:01.777;1.0;5.0;9.0;32.0;0.0;0.0
2016-01-21T17:27:02.856;1.0;4.0;17.0;27.0;0.0;0.0
2016-01-20T15:28:01.836;1.0;3.0;15.0;28.0;0.0;0.0
2016-01-18T17:26:01.923;1.0;1.0;17.0;26.0;0.0;0.0
2016-01-17T14:44:02.139;1.0;7.0;14.0;44.0;1.0;0.0
2016-01-14T17:23:01.778;1.0;4.0;17.0;23.0;0.0;0.0
2016-01-14T09:31:02.396;1.0;4.0;9.0;31.0;0.0;0.0
2016-01-13T15:51:02.050;1.0;3.0;15.0;51.0;0.0;0.0
2016-01-10T17:41:01.826;1.0;7.0;17.0;41.0;1.0;0.0
2016-01-07T15:08:01.942;1.0;4.0;15.0;8.0;0.0;0.0
2016-01-06T15:16:01.637;1.0;3.0;15.0;16.0;0.0;0.0
2016-01-04T00:54:55.393;1.0;1.0;0.0;54.0;0.0;0.0
2016-01-03T16:42:01.764;1.0;7.0;16.0;42.0;1.0;0.0
2015-12-31T16:35:02.118;12.0;4.0;16.0;35.0;0.0;0.0
2015-12-30T10:52:02.239;12.0;3.0;10.0;52.0;0.0;0.0
2015-12-29T11:00:01.923;12.0;2.0;11.0;0.0;0.0;0.0
2015-12-28T11:24:02.121;12.0;1.0;11.0;24.0;0.0;0.0
2015-12-27T11:26:01.571;12.0;7.0;11.0;26.0;1.0;0.0
2015-12-24T19:29:02.470;12.0;4.0;19.0;29.0;0.0;0.0
2015-12-23T18:16:01.811;12.0;3.0;18.0;16.0;0.0;0.0
2015-12-23T07:55:01.979;12.0;3.0;7.0;55.0;0.0;0.0
2015-12-21T08:53:01.702;12.0;1.0;8.0;53.0;0.0;0.0
2015-12-20T17:47:02.252;12.0;7.0;17.0;47.0;1.0;0.0
2015-12-19T18:14:02.454;12.0;6.0;18.0;14.0;1.0;0.0
2015-12-17T18:20:02.154;12.0;4.0;18.0;20.0;0.0;0.0
2015-12-16T22:16:11.454;12.0;3.0;22.0;16.0;0.0;0.0
2015-12-16T15:44;12.0;3.0;15.0;44.0;0.0;0.0
2015-12-13T17:41:02.263;12.0;7.0;17.0;41.0;1.0;0.0
2015-12-12T15:12:01.840;12.0;6.0;15.0;12.0;1.0;0.0
2015-12-10T18:21:01.640;12.0;4.0;18.0;21.0;0.0;0.0
2015-12-09T15:23:01.577;12.0;3.0;15.0;23.0;0.0;0.0
2015-12-05T19:15:01.644;12.0;6.0;19.0;15.0;1.0;0.0
2015-12-05T09:45:02.283;12.0;6.0;9.0;45.0;1.0;0.0
2015-12-03T19:33:01.587;12.0;4.0;19.0;33.0;0.0;0.0
2015-12-02T15:54:02.086;12.0;3.0;15.0;54.0;0.0;0.0
2015-11-29T19:52:02.276;11.0;7.0;19.0;52.0;1.0;0.0
2015-11-29T18:52:02.243;11.0;7.0;18.0;52.0;1.0;0.0
2015-11-29T15:34:02.470;11.0;7.0;15.0;34.0;1.0;0.0
2015-11-28T19:58:17.380;11.0;6.0;19.0;58.0;1.0;0.0
2015-11-28T10:11:01.580;11.0;6.0;10.0;11.0;1.0;0.0
2015-11-27T16:34:02.475;11.0;5.0;16.0;34.0;0.0;0.0
2015-11-26T16:47:02.454;11.0;4.0;16.0;47.0;0.0;0.0
2015-11-25T16:05:01.653;11.0;3.0;16.0;5.0;0.0;0.0
2015-11-24T17:42:01.819;11.0;2.0;17.0;42.0;0.0;0.0
2015-11-22T15:56:01.700;11.0;7.0;15.0;56.0;1.0;0.0
2015-11-21T12:11:02.335;11.0;6.0;12.0;11.0;1.0;0.0
2015-11-19T18:56:01.536;11.0;4.0;18.0;56.0;0.0;0.0
2015-11-18T13:26:01.784;11.0;3.0;13.0;26.0;0.0;0.0
2015-11-17T20:25:15.597;11.0;2.0;20.0;25.0;0.0;0.0
2015-11-17T15:02:02.584;11.0;2.0;15.0;2.0;0.0;0.0
2015-11-16T17:57:02.355;11.0;1.0;17.0;57.0;0.0;0.0
2015-11-15T17:09:02.490;11.0;7.0;17.0;9.0;1.0;0.0
2015-11-15T01:25:02.451;11.0;7.0;1.0;25.0;1.0;0.0
2015-11-14T11:31:02.062;11.0;6.0;11.0;31.0;1.0;0.0
2015-11-13T17:44:02.219;11.0;5.0;17.0;44.0;0.0;0.0
2015-11-12T17:35:02.206;11.0;4.0;17.0;35.0;0.0;0.0
2015-11-11T17:25:02.259;11.0;3.0;17.0;25.0;0.0;0.0
2015-11-08T16:16:01.770;11.0;7.0;16.0;16.0;1.0;0.0
2015-11-07T13:47:02.861;11.0;6.0;13.0;47.0;1.0;0.0
2015-11-05T16:13:01.582;11.0;4.0;16.0;13.0;0.0;0.0
2015-11-04T12:38:02.373;11.0;3.0;12.0;38.0;0.0;0.0
2015-11-01T22:36:01.967;11.0;7.0;22.0;36.0;1.0;0.0
2015-11-01T17:57:02.470;11.0;7.0;17.0;57.0;1.0;0.0
2015-10-31T09:16:02.045;10.0;6.0;9.0;16.0;1.0;0.0
2015-10-29T15:41:02.429;10.0;4.0;15.0;41.0;0.0;0.0
2015-10-28T15:10:01.791;10.0;3.0;15.0;10.0;0.0;0.0
2015-10-26T19:13:01.631;10.0;1.0;19.0;13.0;0.0;0.0
2015-10-25T22:53:02.468;10.0;7.0;22.0;53.0;1.0;0.0
2015-10-25T22:20:02.591;10.0;7.0;22.0;20.0;1.0;0.0
2015-10-25T19:14:25.925;10.0;7.0;19.0;14.0;1.0;0.0
2015-10-25T19:12:11.471;10.0;7.0;19.0;12.0;1.0;0.0
2015-10-25T16:08:03;10.0;7.0;16.0;8.0;1.0;0.0
2015-10-24T13:38:02;10.0;6.0;13.0;38.0;1.0;0.0
2015-10-22T16:42:02;10.0;4.0;16.0;42.0;0.0;0.0
2015-10-21T14:58:02;10.0;3.0;14.0;58.0;0.0;0.0
2015-10-19T15:19:02;10.0;1.0;15.0;19.0;0.0;0.0
2015-10-18T16:22:02;10.0;7.0;16.0;22.0;1.0;0.0
2015-10-18T04:14:02;10.0;7.0;4.0;14.0;1.0;0.0
2015-10-17T14:08:03;10.0;6.0;14.0;8.0;1.0;0.0
2015-10-16T14:23:02;10.0;5.0;14.0;23.0;0.0;0.0
2015-10-15T16:17:02;10.0;4.0;16.0;17.0;0.0;0.0
2015-10-14T14:31:03;10.0;3.0;14.0;31.0;0.0;0.0
2015-10-11T14:50:02;10.0;7.0;14.0;50.0;1.0;0.0
2015-10-08T16:01:02;10.0;4.0;16.0;1.0;0.0;0.0
2015-10-07T15:17:02;10.0;3.0;15.0;17.0;0.0;0.0
2015-10-05T16:51:02;10.0;1.0;16.0;51.0;0.0;0.0
2015-10-04T17:59:03;10.0;7.0;17.0;59.0;1.0;0.0
2015-10-03T11:20:02;10.0;6.0;11.0;20.0;1.0;1.0
2015-10-01T16:57:02;10.0;4.0;16.0;57.0;0.0;0.0
2015-10-01T15:05:02;10.0;4.0;15.0;5.0;0.0;0.0
2015-09-30T18:39:13;9.0;3.0;18.0;39.0;0.0;0.0
2015-09-27T17:22:01;9.0;7.0;17.0;22.0;1.0;0.0
2015-09-27T15:58:02;9.0;7.0;15.0;58.0;1.0;0.0
2015-09-20T13:47:10;9.0;7.0;13.0;47.0;1.0;0.0
2015-09-16T15:47:02;9.0;3.0;15.0;47.0;0.0;0.0
2015-09-13T16:19:44;9.0;7.0;16.0;19.0;1.0;0.0
2015-09-10T14:51:02;9.0;4.0;14.0;51.0;0.0;0.0
2015-09-09T16:14:01;9.0;3.0;16.0;14.0;0.0;0.0
2015-09-09T14:55:02;9.0;3.0;14.0;55.0;0.0;0.0
2015-09-06T14:22:01;9.0;7.0;14.0;22.0;1.0;0.0
2015-09-05T13:22:02;9.0;6.0;13.0;22.0;1.0;0.0
2015-09-03T17:52:02;9.0;4.0;17.0;52.0;0.0;0.0
2015-09-02T16:03:02;9.0;3.0;16.0;3.0;0.0;0.0
2015-08-30T15:26:02;8.0;7.0;15.0;26.0;1.0;0.0
2015-08-26T15:36:01;8.0;3.0;15.0;36.0;0.0;0.0
2015-08-23T16:17:02;8.0;7.0;16.0;17.0;1.0;0.0
2015-08-16T17:59:02;8.0;7.0;17.0;59.0;1.0;0.0
2015-08-12T15:26:02;8.0;3.0;15.0;26.0;0.0;0.0
2015-08-07T15:54:02;8.0;5.0;15.0;54.0;0.0;0.0
2015-08-05T14:05:02;8.0;3.0;14.0;5.0;0.0;0.0
2015-08-02T15:28:02;8.0;7.0;15.0;28.0;1.0;0.0
2015-07-29T15:20:01;7.0;3.0;15.0;20.0;0.0;0.0
2015-07-26T14:13:02;7.0;7.0;14.0;13.0;1.0;0.0
2015-07-25T08:01:01;7.0;6.0;8.0;1.0;1.0;0.0
2015-07-22T15:28:02;7.0;3.0;15.0;28.0;0.0;0.0
2015-07-20T15:05:01;7.0;1.0;15.0;5.0;0.0;0.0
2015-07-19T16:12:01;7.0;7.0;16.0;12.0;1.0;0.0
2015-07-18T11:27:02;7.0;6.0;11.0;27.0;1.0;0.0
2015-07-16T16:32:01;7.0;4.0;16.0;32.0;0.0;0.0
2015-07-15T20:14:01;7.0;3.0;20.0;14.0;0.0;0.0
2015-07-15T18:08:10;7.0;3.0;18.0;8.0;0.0;0.0
2015-07-14T12:33:02;7.0;2.0;12.0;33.0;0.0;0.0
2015-07-12T14:55:01;7.0;7.0;14.0;55.0;1.0;0.0
2015-07-09T16:27:08;7.0;4.0;16.0;27.0;0.0;0.0
2015-07-09T09:34:08;7.0;4.0;9.0;34.0;0.0;0.0
2015-07-08T15:08:01;7.0;3.0;15.0;8.0;0.0;0.0
2015-07-08T14:50:11;7.0;3.0;14.0;50.0;0.0;0.0
2015-07-07T20:49:01;7.0;2.0;20.0;49.0;0.0;0.0
2015-07-06T20:31:01;7.0;1.0;20.0;31.0;0.0;0.0
2015-07-02T17:11:02;7.0;4.0;17.0;11.0;0.0;0.0
2015-07-01T15:56:03;7.0;3.0;15.0;56.0;0.0;0.0
2015-07-01T10:56:03;7.0;3.0;10.0;56.0;0.0;0.0
2015-06-28T15:56:02;6.0;7.0;15.0;56.0;1.0;0.0
2015-06-24T15:19:02;6.0;3.0;15.0;19.0;0.0;0.0
2015-06-21T13:34:01;6.0;7.0;13.0;34.0;1.0;0.0
2015-06-18T19:05:13;6.0;4.0;19.0;5.0;0.0;0.0
2015-06-17T15:46:13;6.0;3.0;15.0;46.0;0.0;0.0
2015-06-15T17:00:13;6.0;1.0;17.0;0.0;0.0;0.0
2015-06-14T14:15:13;6.0;7.0;14.0;15.0;1.0;0.0
2015-06-11T16:16:12;6.0;4.0;16.0;16.0;0.0;0.0
2015-06-10T15:41:12;6.0;3.0;15.0;41.0;0.0;0.0
2015-06-07T16:50:11;6.0;7.0;16.0;50.0;1.0;0.0
2015-06-03T15:21:10;6.0;3.0;15.0;21.0;0.0;0.0
2015-05-31T16:30:10;5.0;7.0;16.0;30.0;1.0;0.0
2015-05-30T11:32:10;5.0;6.0;11.0;32.0;1.0;0.0
2015-05-28T13:55:10;5.0;4.0;13.0;55.0;0.0;0.0
2015-05-28T12:38:10;5.0;4.0;12.0;38.0;0.0;0.0
2015-05-27T15:47:10;5.0;3.0;15.0;47.0;0.0;0.0
2015-05-24T14:45:18;5.0;7.0;14.0;45.0;1.0;1.0
2015-05-20T14:17:08;5.0;3.0;14.0;17.0;0.0;0.0
2015-05-18T16:46:08;5.0;1.0;16.0;46.0;0.0;0.0
2015-05-17T15:23:08;5.0;7.0;15.0;23.0;1.0;0.0
2015-05-16T12:42:08;5.0;6.0;12.0;42.0;1.0;0.0
2015-05-14T16:38:08;5.0;4.0;16.0;38.0;0.0;1.0
2015-05-13T18:15:08;5.0;3.0;18.0;15.0;0.0;0.0
2015-05-10T15:28:07;5.0;7.0;15.0;28.0;1.0;0.0
2015-05-07T16:26:07;5.0;4.0;16.0;26.0;0.0;0.0
2015-05-06T14:43:07;5.0;3.0;14.0;43.0;0.0;0.0
2015-05-03T15:35:06;5.0;7.0;15.0;35.0;1.0;0.0
2015-05-03T02:32:06;5.0;7.0;2.0;32.0;1.0;0.0
2015-04-30T17:19:06;4.0;4.0;17.0;19.0;0.0;0.0
2015-04-29T13:17:05;4.0;3.0;13.0;17.0;0.0;0.0
2015-04-26T16:01:05;4.0;7.0;16.0;1.0;1.0;0.0
2015-04-23T15:55:05;4.0;4.0;15.0;55.0;0.0;0.0
2015-04-22T15:20:05;4.0;3.0;15.0;20.0;0.0;0.0
2015-04-20T16:39:04;4.0;1.0;16.0;39.0;0.0;0.0
2015-04-19T16:56:04;4.0;7.0;16.0;56.0;1.0;0.0
2015-04-15T15:45:04;4.0;3.0;15.0;45.0;0.0;0.0
2015-04-12T15:44:03;4.0;7.0;15.0;44.0;1.0;0.0
2015-04-11T12:10:02;4.0;6.0;12.0;10.0;1.0;0.0
2015-04-09T16:42:02;4.0;4.0;16.0;42.0;0.0;0.0
2015-04-08T15:37:02;4.0;3.0;15.0;37.0;0.0;0.0
2015-04-06T16:30:02;4.0;1.0;16.0;30.0;0.0;1.0
2015-04-05T15:18:02;4.0;7.0;15.0;18.0;1.0;1.0
2015-04-01T14:42:33;4.0;3.0;14.0;42.0;0.0;0.0
2015-03-29T13:04:32;3.0;7.0;13.0;4.0;1.0;0.0
2015-03-29T08:17:32;3.0;7.0;8.0;17.0;1.0;0.0
2015-03-25T16:42:31;3.0;3.0;16.0;42.0;0.0;0.0
2015-03-23T19:20:31;3.0;1.0;19.0;20.0;0.0;0.0
2015-03-22T21:52:30;3.0;7.0;21.0;52.0;1.0;0.0
2015-03-22T14:44:31;3.0;7.0;14.0;44.0;1.0;0.0
2015-03-21T13:38:31;3.0;6.0;13.0;38.0;1.0;0.0
2015-03-19T17:06:30;3.0;4.0;17.0;6.0;0.0;0.0
2015-03-18T16:30:30;3.0;3.0;16.0;30.0;0.0;0.0
2015-03-15T16:47:30;3.0;7.0;16.0;47.0;1.0;0.0
2015-03-12T20:01:02;3.0;4.0;20.0;1.0;0.0;0.0
2015-03-12T17:30:38;3.0;4.0;17.0;30.0;0.0;0.0
2015-03-11T17:53:29;3.0;3.0;17.0;53.0;0.0;0.0
2015-03-10T18:15:30;3.0;2.0;18.0;15.0;0.0;0.0
2015-03-08T16:33:29;3.0;7.0;16.0;33.0;1.0;0.0
2015-03-07T13:24:29;3.0;6.0;13.0;24.0;1.0;0.0
2015-03-05T16:59:28;3.0;4.0;16.0;59.0;0.0;0.0
2015-03-04T15:30:29;3.0;3.0;15.0;30.0;0.0;0.0
2015-03-01T15:25:28;3.0;7.0;15.0;25.0;1.0;0.0
2015-02-28T12:35:28;2.0;6.0;12.0;35.0;1.0;0.0
2015-02-26T17:22:27;2.0;4.0;17.0;22.0;0.0;0.0
2015-02-25T16:53:27;2.0;3.0;16.0;53.0;0.0;0.0
2015-02-22T17:29:27;2.0;7.0;17.0;29.0;1.0;0.0
2015-02-19T18:48:26;2.0;4.0;18.0;48.0;0.0;0.0
2015-02-18T16:41:26;2.0;3.0;16.0;41.0;0.0;0.0
2015-02-16T17:50:26;2.0;1.0;17.0;50.0;0.0;0.0
2015-02-15T14:21:25;2.0;7.0;14.0;21.0;1.0;0.0
2015-02-12T17:38:25;2.0;4.0;17.0;38.0;0.0;0.0
2015-02-11T15:50:24;2.0;3.0;15.0;50.0;0.0;0.0
2015-02-08T15:57:24;2.0;7.0;15.0;57.0;1.0;0.0
2015-02-07T17:01:24;2.0;6.0;17.0;1.0;1.0;0.0
2015-02-04T15:26:23;2.0;3.0;15.0;26.0;0.0;0.0
2015-02-01T17:07:23;2.0;7.0;17.0;7.0;1.0;0.0
2015-01-31T19:44:26;1.0;6.0;19.0;44.0;1.0;0.0
2015-01-28T16:20:22;1.0;3.0;16.0;20.0;0.0;0.0
2015-01-27T20:11:22;1.0;2.0;20.0;11.0;0.0;0.0
2015-01-27T17:13:12;1.0;2.0;17.0;13.0;0.0;0.0
2015-01-27T14:37:22;1.0;2.0;14.0;37.0;0.0;0.0
2015-01-25T16:09:21;1.0;7.0;16.0;9.0;1.0;0.0
2015-01-21T16:23:22;1.0;3.0;16.0;23.0;0.0;0.0
2015-01-19T16:17:21;1.0;1.0;16.0;17.0;0.0;0.0
2015-01-18T17:40:21;1.0;7.0;17.0;40.0;1.0;0.0
2015-01-14T14:06:20;1.0;3.0;14.0;6.0;0.0;0.0
2015-01-11T15:12:19;1.0;7.0;15.0;12.0;1.0;0.0
2015-01-07T17:05:18;1.0;3.0;17.0;5.0;0.0;0.0
2015-01-04T17:01:18;1.0;7.0;17.0;1.0;1.0;0.0
2015-01-01T16:02:17;1.0;4.0;16.0;2.0;0.0;1.0
2014-12-31T15:37:17;12.0;3.0;15.0;37.0;0.0;0.0
2014-12-29T17:17:17;12.0;1.0;17.0;17.0;0.0;0.0
2014-12-28T17:55:16;12.0;7.0;17.0;55.0;1.0;0.0
2014-12-21T17:12:15;12.0;7.0;17.0;12.0;1.0;0.0
2014-12-20T16:22:15;12.0;6.0;16.0;22.0;1.0;0.0
2014-12-17T16:30:15;12.0;3.0;16.0;30.0;0.0;0.0
2014-12-14T14:50:14;12.0;7.0;14.0;50.0;1.0;0.0
2014-12-13T12:47:14;12.0;6.0;12.0;47.0;1.0;0.0
2014-12-10T17:06:14;12.0;3.0;17.0;6.0;0.0;0.0
2014-12-07T17:59:13;12.0;7.0;17.0;59.0;1.0;0.0
2014-12-03T17:07:13;12.0;3.0;17.0;7.0;0.0;0.0
2014-11-30T17:49:11;11.0;7.0;17.0;49.0;1.0;0.0
2014-11-28T17:05:11;11.0;5.0;17.0;5.0;0.0;0.0
2014-11-26T16:19:10;11.0;3.0;16.0;19.0;0.0;0.0
2014-11-23T17:48:10;11.0;7.0;17.0;48.0;1.0;0.0
2014-11-22T14:24:11;11.0;6.0;14.0;24.0;1.0;0.0
2014-11-22T13:51:10;11.0;6.0;13.0;51.0;1.0;0.0
2014-11-19T16:49:10;11.0;3.0;16.0;49.0;0.0;0.0
2014-11-16T18:23:09;11.0;7.0;18.0;23.0;1.0;0.0
2014-11-12T16:31:08;11.0;3.0;16.0;31.0;0.0;0.0
2014-11-09T16:39:08;11.0;7.0;16.0;39.0;1.0;0.0
2014-11-05T16:26:07;11.0;3.0;16.0;26.0;0.0;0.0
2014-11-02T14:44:06;11.0;7.0;14.0;44.0;1.0;0.0
2014-10-31T16:47:06;10.0;5.0;16.0;47.0;0.0;0.0
2014-10-29T15:46:06;10.0;3.0;15.0;46.0;0.0;0.0
2014-10-26T14:02:05;10.0;7.0;14.0;2.0;1.0;0.0
2014-10-22T16:56:04;10.0;3.0;16.0;56.0;0.0;0.0
2014-10-22T15:11:04;10.0;3.0;15.0;11.0;0.0;0.0
2014-10-19T16:40:04;10.0;7.0;16.0;40.0;1.0;0.0
2014-10-17T15:53:03;10.0;5.0;15.0;53.0;0.0;0.0
2014-10-15T15:33:06;10.0;3.0;15.0;33.0;0.0;0.0
2014-10-12T16:37:03;10.0;7.0;16.0;37.0;1.0;0.0
2014-10-09T19:05:02;10.0;4.0;19.0;5.0;0.0;0.0
2014-10-08T19:13:01;10.0;3.0;19.0;13.0;0.0;0.0
2014-10-08T15:06:28;10.0;3.0;15.0;6.0;0.0;0.0
2014-10-05T16:21:27;10.0;7.0;16.0;21.0;1.0;0.0
2014-10-01T14:57:27;10.0;3.0;14.0;57.0;0.0;0.0
2014-09-28T16:16:26;9.0;7.0;16.0;16.0;1.0;0.0
2014-09-26T17:43:55;9.0;5.0;17.0;43.0;0.0;0.0
2014-09-26T16:29:26;9.0;5.0;16.0;29.0;0.0;0.0
2014-09-26T06:50:26;9.0;5.0;6.0;50.0;0.0;0.0
2014-09-24T20:22:29;9.0;3.0;20.0;22.0;0.0;0.0
2014-09-24T14:46:25;9.0;3.0;14.0;46.0;0.0;0.0
2014-09-21T16:48:27;9.0;7.0;16.0;48.0;1.0;0.0
2014-09-17T14:48:24;9.0;3.0;14.0;48.0;0.0;0.0
2014-09-15T18:22:23;9.0;1.0;18.0;22.0;0.0;0.0
2014-09-14T15:19:23;9.0;7.0;15.0;19.0;1.0;0.0
2014-09-10T14:38:23;9.0;3.0;14.0;38.0;0.0;0.0
2014-09-07T14:48:22;9.0;7.0;14.0;48.0;1.0;0.0
2014-09-06T17:43:22;9.0;6.0;17.0;43.0;1.0;0.0
2014-09-03T16:28:21;9.0;3.0;16.0;28.0;0.0;0.0
2014-08-31T16:53:20;8.0;7.0;16.0;53.0;1.0;0.0
2014-08-30T21:59:21;8.0;6.0;21.0;59.0;1.0;0.0
2014-08-30T10:32:21;8.0;6.0;10.0;32.0;1.0;0.0
2014-08-29T18:17:21;8.0;5.0;18.0;17.0;0.0;0.0
2014-08-27T15:27:20;8.0;3.0;15.0;27.0;0.0;0.0
2014-08-24T16:10:20;8.0;7.0;16.0;10.0;1.0;0.0
2014-08-20T16:08:18;8.0;3.0;16.0;8.0;0.0;0.0
2014-08-18T17:42:19;8.0;1.0;17.0;42.0;0.0;0.0
2014-08-17T16:18:18;8.0;7.0;16.0;18.0;1.0;0.0
2014-08-16T20:36:18;8.0;6.0;20.0;36.0;1.0;0.0
2014-08-13T15:39:17;8.0;3.0;15.0;39.0;0.0;0.0
2014-08-10T15:48:17;8.0;7.0;15.0;48.0;1.0;0.0
2014-08-09T16:11:16;8.0;6.0;16.0;11.0;1.0;0.0
2014-08-06T20:33:16;8.0;3.0;20.0;33.0;0.0;0.0
2014-08-06T15:36:16;8.0;3.0;15.0;36.0;0.0;0.0
2014-08-03T17:03:15;8.0;7.0;17.0;3.0;1.0;0.0
2014-08-02T20:30:14;8.0;6.0;20.0;30.0;1.0;0.0
2014-07-30T19:14:14;7.0;3.0;19.0;14.0;0.0;0.0
2014-07-30T15:30:14;7.0;3.0;15.0;30.0;0.0;0.0
2014-07-27T19:29:13;7.0;7.0;19.0;29.0;1.0;0.0
2014-07-27T16:36:01;7.0;7.0;16.0;36.0;1.0;0.0
2014-07-23T17:28:12;7.0;3.0;17.0;28.0;0.0;0.0
2014-07-20T19:44:13;7.0;7.0;19.0;44.0;1.0;0.0
2014-07-20T16:47:12;7.0;7.0;16.0;47.0;1.0;0.0
2014-07-20T02:42:12;7.0;7.0;2.0;42.0;1.0;0.0
2014-07-20T00:23:12;7.0;7.0;0.0;23.0;1.0;0.0
2014-07-19T19:22:12;7.0;6.0;19.0;22.0;1.0;0.0
2014-07-19T14:23:12;7.0;6.0;14.0;23.0;1.0;0.0
2014-07-16T15:51:12;7.0;3.0;15.0;51.0;0.0;0.0
2014-07-13T16:28:11;7.0;7.0;16.0;28.0;1.0;0.0
2014-07-12T16:38:11;7.0;6.0;16.0;38.0;1.0;0.0
2014-07-09T16:34:10;7.0;3.0;16.0;34.0;0.0;0.0
2014-07-06T16:30:10;7.0;7.0;16.0;30.0;1.0;0.0
2014-07-02T16:23:09;7.0;3.0;16.0;23.0;0.0;0.0
2014-06-29T14:20:09;6.0;7.0;14.0;20.0;1.0;0.0
2014-06-25T15:33:08;6.0;3.0;15.0;33.0;0.0;0.0
2014-06-22T15:49:07;6.0;7.0;15.0;49.0;1.0;0.0
2014-06-19T19:34:07;6.0;4.0;19.0;34.0;0.0;0.0
2014-06-18T15:29:07;6.0;3.0;15.0;29.0;0.0;0.0
2014-06-15T15:04:06;6.0;7.0;15.0;4.0;1.0;0.0
2014-06-15T14:13:06;6.0;7.0;14.0;13.0;1.0;0.0
2014-06-11T16:56:05;6.0;3.0;16.0;56.0;0.0;0.0
2014-06-08T15:50:04;6.0;7.0;15.0;50.0;1.0;1.0
2014-06-04T15:53:03;6.0;3.0;15.0;53.0;0.0;0.0
2014-06-01T15:36:03;6.0;7.0;15.0;36.0;1.0;0.0
2014-06-01T14:51:04;6.0;7.0;14.0;51.0;1.0;0.0
2014-05-31T19:29:03;5.0;6.0;19.0;29.0;1.0;0.0
2014-05-30T09:42:03;5.0;5.0;9.0;42.0;0.0;0.0
2014-05-28T15:59:03;5.0;3.0;15.0;59.0;0.0;0.0
2014-05-25T15:47:02;5.0;7.0;15.0;47.0;1.0;0.0
2014-05-24T18:21:02;5.0;6.0;18.0;21.0;1.0;0.0
2014-05-22T19:05:02;5.0;4.0;19.0;5.0;0.0;0.0
2014-05-22T17:55:06;5.0;4.0;17.0;55.0;0.0;0.0
2014-05-21T16:02:05;5.0;3.0;16.0;2.0;0.0;0.0
2014-05-18T15:42:06;5.0;7.0;15.0;42.0;1.0;0.0
2014-05-15T09:55:06;5.0;4.0;9.0;55.0;0.0;0.0
2014-05-14T16:01:05;5.0;3.0;16.0;1.0;0.0;0.0
2014-05-11T14:27:04;5.0;7.0;14.0;27.0;1.0;0.0
2014-05-10T16:25:04;5.0;6.0;16.0;25.0;1.0;0.0
2014-05-08T18:02:04;5.0;4.0;18.0;2.0;0.0;0.0
2014-05-08T10:59:14;5.0;4.0;10.0;59.0;0.0;0.0
2014-05-07T17:13:03;5.0;3.0;17.0;13.0;0.0;0.0
2014-05-04T16:24:03;5.0;7.0;16.0;24.0;1.0;0.0
2014-05-02T14:58:01;5.0;5.0;14.0;58.0;0.0;0.0
2014-04-27T16:10:03;4.0;7.0;16.0;10.0;1.0;0.0
2014-04-24T16:26:02;4.0;4.0;16.0;26.0;0.0;0.0
2014-04-23T15:41:02;4.0;3.0;15.0;41.0;0.0;0.0
2014-04-21T18:26:02;4.0;1.0;18.0;26.0;0.0;1.0
2014-04-20T16:10:02;4.0;7.0;16.0;10.0;1.0;1.0
2014-04-19T17:28:03;4.0;6.0;17.0;28.0;1.0;0.0
2014-04-18T16:41:02;4.0;5.0;16.0;41.0;0.0;1.0
2014-04-17T20:17:02;4.0;4.0;20.0;17.0;0.0;0.0
2014-04-16T16:00:02;4.0;3.0;16.0;0.0;0.0;0.0
2014-04-13T13:59:02;4.0;7.0;13.0;59.0;1.0;0.0
2014-04-12T18:56:01;4.0;6.0;18.0;56.0;1.0;0.0
2014-04-10T23:29:35;4.0;4.0;23.0;29.0;0.0;0.0
2014-04-09T15:54:01;4.0;3.0;15.0;54.0;0.0;0.0
2014-04-07T17:41:02;4.0;1.0;17.0;41.0;0.0;0.0
2014-04-06T16:06:02;4.0;7.0;16.0;6.0;1.0;0.0
2014-04-04T17:08:02;4.0;5.0;17.0;8.0;0.0;0.0
2014-04-02T15:48:04;4.0;3.0;15.0;48.0;0.0;0.0
2014-04-01T17:42:03;4.0;2.0;17.0;42.0;0.0;0.0
2014-03-30T17:01:03;3.0;7.0;17.0;1.0;1.0;0.0
2014-03-26T17:03:03;3.0;3.0;17.0;3.0;0.0;0.0
2014-03-23T15:51:02;3.0;7.0;15.0;51.0;1.0;0.0
2014-03-19T17:03:02;3.0;3.0;17.0;3.0;0.0;0.0
2014-03-16T16:38:03;3.0;7.0;16.0;38.0;1.0;0.0
2014-03-15T19:46:03;3.0;6.0;19.0;46.0;1.0;0.0
2014-03-12T16:42:02;3.0;3.0;16.0;42.0;0.0;0.0
2014-03-09T18:12:02;3.0;7.0;18.0;12.0;1.0;0.0
2014-03-05T21:04:01;3.0;3.0;21.0;4.0;0.0;0.0
2014-03-03T16:13:02;3.0;1.0;16.0;13.0;0.0;0.0
2014-02-01T21:18:02;2.0;6.0;21.0;18.0;1.0;0.0
2014-02-01T20:59:23;2.0;6.0;20.0;59.0;1.0;0.0
2014-02-01T19:35:02;2.0;6.0;19.0;35.0;1.0;0.0
2014-02-01T18:26:02;2.0;6.0;18.0;26.0;1.0;0.0
2014-02-01T18:06:02;2.0;6.0;18.0;6.0;1.0;0.0
2014-02-01T17:46:02;2.0;6.0;17.0;46.0;1.0;0.0
2014-02-01T17:26:02;2.0;6.0;17.0;26.0;1.0;0.0
2014-02-01T17:06:01;2.0;6.0;17.0;6.0;1.0;0.0
2014-02-01T16:46:02;2.0;6.0;16.0;46.0;1.0;0.0
2014-02-01T16:26:02;2.0;6.0;16.0;26.0;1.0;0.0
2014-02-01T16:06:02;2.0;6.0;16.0;6.0;1.0;0.0
2014-02-01T15:46:02;2.0;6.0;15.0;46.0;1.0;0.0
2014-02-01T15:26:02;2.0;6.0;15.0;26.0;1.0;0.0
2014-02-01T15:05:13;2.0;6.0;15.0;5.0;1.0;0.0
2014-02-01T14:46:02;2.0;6.0;14.0;46.0;1.0;0.0
2014-02-01T14:26:02;2.0;6.0;14.0;26.0;1.0;0.0
2014-02-01T14:06:02;2.0;6.0;14.0;6.0;1.0;0.0
2014-02-01T13:46:02;2.0;6.0;13.0;46.0;1.0;0.0
2014-02-01T13:26:02;2.0;6.0;13.0;26.0;1.0;0.0
2014-02-01T13:06:02;2.0;6.0;13.0;6.0;1.0;0.0
2014-02-01T12:46:02;2.0;6.0;12.0;46.0;1.0;0.0
2014-02-01T12:26:02;2.0;6.0;12.0;26.0;1.0;0.0
2014-02-01T12:06:02;2.0;6.0;12.0;6.0;1.0;0.0
2014-02-01T11:46:02;2.0;6.0;11.0;46.0;1.0;0.0
2014-02-01T11:26:02;2.0;6.0;11.0;26.0;1.0;0.0
2014-02-01T11:06:01;2.0;6.0;11.0;6.0;1.0;0.0
2014-02-01T10:46:02;2.0;6.0;10.0;46.0;1.0;0.0
2014-02-01T10:26:02;2.0;6.0;10.0;26.0;1.0;0.0
2014-02-01T10:06:02;2.0;6.0;10.0;6.0;1.0;0.0
2014-02-01T09:46:02;2.0;6.0;9.0;46.0;1.0;0.0
2014-02-01T09:26:01;2.0;6.0;9.0;26.0;1.0;0.0
2014-02-01T09:06:02;2.0;6.0;9.0;6.0;1.0;0.0
2014-02-01T08:46:02;2.0;6.0;8.0;46.0;1.0;0.0
2014-02-01T08:26:02;2.0;6.0;8.0;26.0;1.0;0.0
2014-02-01T08:06:02;2.0;6.0;8.0;6.0;1.0;0.0
2014-02-01T07:46:01;2.0;6.0;7.0;46.0;1.0;0.0
2014-02-01T07:26:02;2.0;6.0;7.0;26.0;1.0;0.0
2014-02-01T07:06:02;2.0;6.0;7.0;6.0;1.0;0.0
2014-02-01T06:46:02;2.0;6.0;6.0;46.0;1.0;0.0
2014-02-01T06:26:02;2.0;6.0;6.0;26.0;1.0;0.0
2014-02-01T06:06:02;2.0;6.0;6.0;6.0;1.0;0.0
2014-02-01T05:46:02;2.0;6.0;5.0;46.0;1.0;0.0
2014-02-01T05:26:02;2.0;6.0;5.0;26.0;1.0;0.0
2014-02-01T05:06:02;2.0;6.0;5.0;6.0;1.0;0.0
2014-02-01T04:46:02;2.0;6.0;4.0;46.0;1.0;0.0
2014-02-01T04:26:02;2.0;6.0;4.0;26.0;1.0;0.0
2014-02-01T04:06:02;2.0;6.0;4.0;6.0;1.0;0.0
2014-02-01T03:46:02;2.0;6.0;3.0;46.0;1.0;0.0
2014-02-01T03:26:01;2.0;6.0;3.0;26.0;1.0;0.0
2014-02-01T03:06:02;2.0;6.0;3.0;6.0;1.0;0.0
2014-02-01T02:46:02;2.0;6.0;2.0;46.0;1.0;0.0
2014-02-01T02:26:02;2.0;6.0;2.0;26.0;1.0;0.0
2014-02-01T02:06:02;2.0;6.0;2.0;6.0;1.0;0.0
2014-02-01T01:46:02;2.0;6.0;1.0;46.0;1.0;0.0
2014-02-01T01:26:02;2.0;6.0;1.0;26.0;1.0;0.0
2014-02-01T01:06:02;2.0;6.0;1.0;6.0;1.0;0.0
2014-02-01T00:45:13;2.0;6.0;0.0;45.0;1.0;0.0
2014-02-01T00:25:12;2.0;6.0;0.0;25.0;1.0;0.0
2014-02-01T00:06:02;2.0;6.0;0.0;6.0;1.0;0.0
2014-01-31T23:46:02;1.0;5.0;23.0;46.0;0.0;0.0
2014-01-31T23:26:02;1.0;5.0;23.0;26.0;0.0;0.0
2014-01-31T23:06:02;1.0;5.0;23.0;6.0;0.0;0.0
2014-01-31T22:45:13;1.0;5.0;22.0;45.0;0.0;0.0
2014-01-31T22:25:12;1.0;5.0;22.0;25.0;0.0;0.0
2014-01-31T22:06:02;1.0;5.0;22.0;6.0;0.0;0.0
2014-01-31T21:26:55;1.0;5.0;21.0;26.0;0.0;0.0
2014-01-31T21:06:56;1.0;5.0;21.0;6.0;0.0;0.0
2014-01-31T20:06:14;1.0;5.0;20.0;6.0;0.0;0.0
2014-01-31T19:46:31;1.0;5.0;19.0;46.0;0.0;0.0
2014-01-31T19:27:52;1.0;5.0;19.0;27.0;0.0;0.0
2014-01-31T19:06:14;1.0;5.0;19.0;6.0;0.0;0.0
2014-01-31T18:47:09;1.0;5.0;18.0;47.0;0.0;0.0
2014-01-31T18:26:11;1.0;5.0;18.0;26.0;0.0;0.0
2014-01-31T18:07:50;1.0;5.0;18.0;7.0;0.0;0.0
2014-01-31T17:46:05;1.0;5.0;17.0;46.0;0.0;0.0
2014-01-31T16:07:02;1.0;5.0;16.0;7.0;0.0;0.0
2014-01-31T15:46:15;1.0;5.0;15.0;46.0;0.0;0.0
2014-01-29T18:01:02;1.0;3.0;18.0;1.0;0.0;0.0
2014-01-26T16:50:04;1.0;7.0;16.0;50.0;1.0;0.0
2014-01-22T17:00:04;1.0;3.0;17.0;0.0;0.0;0.0
2014-01-19T13:12:03;1.0;7.0;13.0;12.0;1.0;0.0
2014-01-18T12:24:03;1.0;6.0;12.0;24.0;1.0;0.0
2014-01-15T20:02:03;1.0;3.0;20.0;2.0;0.0;0.0
2014-01-13T01:20:03;1.0;1.0;1.0;20.0;0.0;0.0
2014-01-12T17:12:03;1.0;7.0;17.0;12.0;1.0;0.0
2014-01-05T17:11:02;1.0;7.0;17.0;11.0;1.0;0.0
2014-01-01T15:53:02;1.0;3.0;15.0;53.0;0.0;1.0
2013-12-31T16:58:02;12.0;2.0;16.0;58.0;0.0;0.0
2013-12-22T17:11:02;12.0;7.0;17.0;11.0;1.0;0.0
2013-12-18T16:46:02;12.0;3.0;16.0;46.0;0.0;0.0
2013-12-14T16:44:01;12.0;6.0;16.0;44.0;1.0;0.0
2013-12-11T10:41:35;12.0;3.0;10.0;41.0;0.0;0.0
2013-12-08T20:25:28;12.0;7.0;20.0;25.0;1.0;0.0
2013-12-08T19:35:46;12.0;7.0;19.0;35.0;1.0;0.0
2013-12-08T16:20:02;12.0;7.0;16.0;20.0;1.0;0.0
2013-12-04T16:51:01;12.0;3.0;16.0;51.0;0.0;0.0
2013-11-27T17:05:02;11.0;3.0;17.0;5.0;0.0;0.0
2013-11-21T10:53:46;11.0;4.0;10.0;53.0;0.0;0.0
2013-11-20T17:10:01;11.0;3.0;17.0;10.0;0.0;0.0
2013-11-17T18:56:02;11.0;7.0;18.0;56.0;1.0;0.0
2013-11-13T16:51:02;11.0;3.0;16.0;51.0;0.0;0.0
2013-11-08T17:05:01;11.0;5.0;17.0;5.0;0.0;0.0
2013-11-06T19:40:01;11.0;3.0;19.0;40.0;0.0;0.0
2013-11-03T17:51:47;11.0;7.0;17.0;51.0;1.0;0.0
2013-11-03T15:31:01;11.0;7.0;15.0;31.0;1.0;0.0
2013-11-03T15:21:02;11.0;7.0;15.0;21.0;1.0;0.0
2013-07-21T15:58:01;7.0;7.0;15.0;58.0;1.0;0.0
2013-07-20T13:29:02;7.0;6.0;13.0;29.0;1.0;0.0
2013-07-16T13:31:02;7.0;2.0;13.0;31.0;0.0;0.0
2013-07-14T14:24:01;7.0;7.0;14.0;24.0;1.0;0.0
2013-07-10T16:14:02;7.0;3.0;16.0;14.0;0.0;0.0
2013-07-07T17:29:02;7.0;7.0;17.0;29.0;1.0;0.0
2013-06-09T14:32:03;6.0;7.0;14.0;32.0;1.0;0.0
2013-06-05T15:47:02;6.0;3.0;15.0;47.0;0.0;0.0
2013-06-02T16:25:02;6.0;7.0;16.0;25.0;1.0;0.0
2013-06-01T18:41:03;6.0;6.0;18.0;41.0;1.0;0.0
2013-05-30T14:26:03;5.0;4.0;14.0;26.0;0.0;0.0
2013-05-29T16:44:02;5.0;3.0;16.0;44.0;0.0;0.0
2013-05-26T16:35:04;5.0;7.0;16.0;35.0;1.0;0.0
2013-05-22T14:25:02;5.0;3.0;14.0;25.0;0.0;0.0
2013-05-21T16:21:02;5.0;2.0;16.0;21.0;0.0;0.0
2013-05-20T17:25:02;5.0;1.0;17.0;25.0;0.0;1.0
2013-05-19T15:48:02;5.0;7.0;15.0;48.0;1.0;1.0
2013-05-15T19:42:12;5.0;3.0;19.0;42.0;0.0;0.0
2013-05-15T17:58:10;5.0;3.0;17.0;58.0;0.0;0.0
2013-05-15T16:27:04;5.0;3.0;16.0;27.0;0.0;0.0
2013-05-12T16:05:02;5.0;7.0;16.0;5.0;1.0;0.0
2013-05-08T15:48:03;5.0;3.0;15.0;48.0;0.0;0.0
2013-05-05T13:52:04;5.0;7.0;13.0;52.0;1.0;0.0
2013-05-04T14:06:03;5.0;6.0;14.0;6.0;1.0;0.0
2013-05-01T14:16:03;5.0;3.0;14.0;16.0;0.0;1.0
2013-04-28T15:19:03;4.0;7.0;15.0;19.0;1.0;0.0
2013-04-24T16:15:03;4.0;3.0;16.0;15.0;0.0;0.0
2013-04-23T11:29:03;4.0;2.0;11.0;29.0;0.0;0.0
2013-04-21T18:28:02;4.0;7.0;18.0;28.0;1.0;0.0
2013-04-21T18:18:05;4.0;7.0;18.0;18.0;1.0;0.0
2013-04-21T15:33:02;4.0;7.0;15.0;33.0;1.0;0.0
2013-04-18T04:17:04;4.0;4.0;4.0;17.0;0.0;0.0
2013-04-17T16:52:02;4.0;3.0;16.0;52.0;0.0;0.0
2013-04-14T19:50:03;4.0;7.0;19.0;50.0;1.0;0.0
2013-04-10T15:51:02;4.0;3.0;15.0;51.0;0.0;0.0
2013-04-07T15:40:02;4.0;7.0;15.0;40.0;1.0;0.0
2013-04-06T18:26:02;4.0;6.0;18.0;26.0;1.0;0.0
2013-04-03T16:50:02;4.0;3.0;16.0;50.0;0.0;0.0
2013-04-01T18:10:02;4.0;1.0;18.0;10.0;0.0;1.0
2013-03-31T15:24:02;3.0;7.0;15.0;24.0;1.0;1.0
2013-03-27T17:07:03;3.0;3.0;17.0;7.0;0.0;0.0
2013-03-24T19:19:50;3.0;7.0;19.0;19.0;1.0;0.0
2013-03-24T16:46:02;3.0;7.0;16.0;46.0;1.0;0.0
2013-03-20T17:03:02;3.0;3.0;17.0;3.0;0.0;0.0
2013-03-17T22:09:44;3.0;7.0;22.0;9.0;1.0;0.0
2013-03-17T16:44:02;3.0;7.0;16.0;44.0;1.0;0.0
2013-03-13T17:11:02;3.0;3.0;17.0;11.0;0.0;0.0
2013-03-10T17:17:02;3.0;7.0;17.0;17.0;1.0;0.0
2013-03-06T17:07:03;3.0;3.0;17.0;7.0;0.0;0.0
2013-03-03T17:55:02;3.0;7.0;17.0;55.0;1.0;0.0
2013-02-27T18:02:03;2.0;3.0;18.0;2.0;0.0;0.0
2013-02-24T17:09:03;2.0;7.0;17.0;9.0;1.0;0.0
2013-02-20T16:56:02;2.0;3.0;16.0;56.0;0.0;0.0
2013-02-17T22:31:03;2.0;7.0;22.0;31.0;1.0;0.0
2013-02-17T18:39:02;2.0;7.0;18.0;39.0;1.0;0.0
2013-02-10T17:01:02;2.0;7.0;17.0;1.0;1.0;0.0
2013-02-06T16:06:02;2.0;3.0;16.0;6.0;0.0;0.0
2013-02-03T22:30:05;2.0;7.0;22.0;30.0;1.0;0.0
2013-02-03T17:51:02;2.0;7.0;17.0;51.0;1.0;0.0
2013-01-30T19:12:02;1.0;3.0;19.0;12.0;0.0;0.0
2013-01-27T20:17:02;1.0;7.0;20.0;17.0;1.0;0.0
2013-01-27T20:04:06;1.0;7.0;20.0;4.0;1.0;0.0
2013-01-27T16:48:02;1.0;7.0;16.0;48.0;1.0;0.0
2013-01-26T19:05:02;1.0;6.0;19.0;5.0;1.0;0.0
2013-01-23T18:18:35;1.0;3.0;18.0;18.0;0.0;0.0
2013-01-23T16:22:02;1.0;3.0;16.0;22.0;0.0;0.0
2013-01-21T08:02:02;1.0;1.0;8.0;2.0;0.0;0.0
2013-01-20T17:24:03;1.0;7.0;17.0;24.0;1.0;0.0
2013-01-18T19:00:02;1.0;5.0;19.0;0.0;0.0;0.0
2013-01-16T16:58:02;1.0;3.0;16.0;58.0;0.0;0.0
2013-01-13T16:35:02;1.0;7.0;16.0;35.0;1.0;0.0
2013-01-09T16:54:02;1.0;3.0;16.0;54.0;0.0;0.0
2013-01-06T16:46:02;1.0;7.0;16.0;46.0;1.0;0.0
2013-01-03T17:02:03;1.0;4.0;17.0;2.0;0.0;0.0
2013-01-02T23:02:01;1.0;3.0;23.0;2.0;0.0;0.0
2013-01-02T16:04:02;1.0;3.0;16.0;4.0;0.0;0.0
2013-01-01T04:44:01;1.0;2.0;4.0;44.0;0.0;1.0
2012-12-31T16:49:02;12.0;1.0;16.0;49.0;0.0;0.0
2012-12-30T11:48:01;12.0;7.0;11.0;48.0;1.0;0.0
2012-12-29T11:55:02;12.0;6.0;11.0;55.0;1.0;0.0
2012-12-28T17:29:01;12.0;5.0;17.0;29.0;0.0;0.0
2012-12-27T16:58:02;12.0;4.0;16.0;58.0;0.0;0.0
2012-12-26T20:58:01;12.0;3.0;20.0;58.0;0.0;1.0
2012-12-23T17:27:02;12.0;7.0;17.0;27.0;1.0;0.0
2012-12-19T15:54:02;12.0;3.0;15.0;54.0;0.0;0.0
2012-12-16T16:40:02;12.0;7.0;16.0;40.0;1.0;0.0
2012-12-15T16:03:02;12.0;6.0;16.0;3.0;1.0;0.0
2012-12-12T17:16:02;12.0;3.0;17.0;16.0;0.0;0.0
2012-12-09T16:23:02;12.0;7.0;16.0;23.0;1.0;0.0
2012-12-06T02:28:01;12.0;4.0;2.0;28.0;0.0;0.0
2012-12-05T17:00:03;12.0;3.0;17.0;0.0;0.0;0.0
2012-12-02T16:39:03;12.0;7.0;16.0;39.0;1.0;0.0
2012-11-28T17:07:02;11.0;3.0;17.0;7.0;0.0;0.0
2012-11-25T19:18:14;11.0;7.0;19.0;18.0;1.0;0.0
2012-11-21T16:30:03;11.0;3.0;16.0;30.0;0.0;0.0
2012-11-19T19:30:02;11.0;1.0;19.0;30.0;0.0;0.0
2012-11-18T16:07:02;11.0;7.0;16.0;7.0;1.0;0.0
2012-11-14T16:51:02;11.0;3.0;16.0;51.0;0.0;0.0
2012-11-11T16:59:03;11.0;7.0;16.0;59.0;1.0;0.0
2012-11-07T17:15:02;11.0;3.0;17.0;15.0;0.0;0.0
2012-11-04T17:05:03;11.0;7.0;17.0;5.0;1.0;0.0
2012-10-31T16:21:02;10.0;3.0;16.0;21.0;0.0;0.0
2012-10-29T18:08:02;10.0;1.0;18.0;8.0;0.0;0.0
2012-10-28T16:43:02;10.0;7.0;16.0;43.0;1.0;0.0
2012-10-24T16:02:02;10.0;3.0;16.0;2.0;0.0;0.0
2012-10-22T19:05:02;10.0;1.0;19.0;5.0;0.0;0.0
2012-10-21T16:28:01;10.0;7.0;16.0;28.0;1.0;0.0
2012-10-20T17:17:02;10.0;6.0;17.0;17.0;1.0;0.0
2012-10-17T15:36:02;10.0;3.0;15.0;36.0;0.0;0.0
2012-10-14T16:19:02;10.0;7.0;16.0;19.0;1.0;0.0
2012-10-10T15:51:02;10.0;3.0;15.0;51.0;0.0;0.0
2012-10-07T16:07:03;10.0;7.0;16.0;7.0;1.0;0.0
2012-10-03T15:44:02;10.0;3.0;15.0;44.0;0.0;1.0
2012-10-03T14:57:03;10.0;3.0;14.0;57.0;0.0;1.0
2012-09-30T16:01:02;9.0;7.0;16.0;1.0;1.0;0.0
2012-09-27T15:58:03;9.0;4.0;15.0;58.0;0.0;0.0
2012-09-26T15:49:02;9.0;3.0;15.0;49.0;0.0;0.0
2012-09-25T17:59:03;9.0;2.0;17.0;59.0;0.0;0.0
2012-09-25T15:49:02;9.0;2.0;15.0;49.0;0.0;0.0
2012-09-24T17:06:02;9.0;1.0;17.0;6.0;0.0;0.0
2012-09-22T16:31:02;9.0;6.0;16.0;31.0;1.0;0.0
2012-09-20T17:26:02;9.0;4.0;17.0;26.0;0.0;0.0
2012-09-19T15:57:02;9.0;3.0;15.0;57.0;0.0;0.0
2012-09-16T13:57:02;9.0;7.0;13.0;57.0;1.0;0.0
2012-09-15T14:53:02;9.0;6.0;14.0;53.0;1.0;0.0
2012-09-12T16:27:02;9.0;3.0;16.0;27.0;0.0;0.0
2012-09-09T16:15:03;9.0;7.0;16.0;15.0;1.0;0.0
2012-09-06T17:16:02;9.0;4.0;17.0;16.0;0.0;0.0
2012-09-05T16:33:02;9.0;3.0;16.0;33.0;0.0;0.0
2012-09-02T16:18:02;9.0;7.0;16.0;18.0;1.0;0.0
2012-08-30T17:06:02;8.0;4.0;17.0;6.0;0.0;0.0
2012-08-29T16:10:02;8.0;3.0;16.0;10.0;0.0;0.0
2012-08-26T16:29:56;8.0;7.0;16.0;29.0;1.0;0.0
2012-08-22T15:26:02;8.0;3.0;15.0;26.0;0.0;0.0
2012-08-16T17:56:02;8.0;4.0;17.0;56.0;0.0;0.0
2012-08-15T16:41:02;8.0;3.0;16.0;41.0;0.0;0.0
2012-08-13T17:43:02;8.0;1.0;17.0;43.0;0.0;0.0
2012-08-12T15:21:02;8.0;7.0;15.0;21.0;1.0;0.0
2012-08-11T18:36:02;8.0;6.0;18.0;36.0;1.0;0.0
2012-08-08T19:15:23;8.0;3.0;19.0;15.0;0.0;0.0
2012-08-08T15:45:02;8.0;3.0;15.0;45.0;0.0;0.0
2012-08-05T16:04:02;8.0;7.0;16.0;4.0;1.0;0.0
2012-08-01T16:55:03;8.0;3.0;16.0;55.0;0.0;0.0
2012-07-29T13:30:02;7.0;7.0;13.0;30.0;1.0;0.0
2012-07-25T16:13:03;7.0;3.0;16.0;13.0;0.0;0.0
2012-07-25T16:05:02;7.0;3.0;16.0;5.0;0.0;0.0
2012-07-22T20:26:23;7.0;7.0;20.0;26.0;1.0;0.0
2012-07-22T15:34:02;7.0;7.0;15.0;34.0;1.0;0.0
2012-07-19T16:29:02;7.0;4.0;16.0;29.0;0.0;0.0
2012-07-18T15:16:02;7.0;3.0;15.0;16.0;0.0;0.0
2012-07-15T16:56:02;7.0;7.0;16.0;56.0;1.0;0.0
2012-07-14T17:51:05;7.0;6.0;17.0;51.0;1.0;0.0
2012-07-11T15:30:02;7.0;3.0;15.0;30.0;0.0;0.0
2012-07-08T16:20:02;7.0;7.0;16.0;20.0;1.0;0.0
2012-07-04T15:14:02;7.0;3.0;15.0;14.0;0.0;0.0
2012-07-01T15:30:02;7.0;7.0;15.0;30.0;1.0;0.0
2012-06-29T00:29:31;6.0;5.0;0.0;29.0;0.0;0.0
2012-06-28T17:29:02;6.0;4.0;17.0;29.0;0.0;0.0
2012-06-27T15:57:02;6.0;3.0;15.0;57.0;0.0;0.0
2012-06-25T18:07:02;6.0;1.0;18.0;7.0;0.0;0.0
2012-06-25T17:31:02;6.0;1.0;17.0;31.0;0.0;0.0
2012-06-24T14:23:02;6.0;7.0;14.0;23.0;1.0;0.0
2012-06-23T17:55:02;6.0;6.0;17.0;55.0;1.0;0.0
2012-06-20T16:15:02;6.0;3.0;16.0;15.0;0.0;0.0
2012-06-18T17:48:02;6.0;1.0;17.0;48.0;0.0;0.0
2012-06-18T15:20:02;6.0;1.0;15.0;20.0;0.0;0.0
2012-06-17T17:22:01;6.0;7.0;17.0;22.0;1.0;0.0
2012-06-15T16:29:02;6.0;5.0;16.0;29.0;0.0;0.0
2012-06-14T17:34:02;6.0;4.0;17.0;34.0;0.0;0.0
2012-06-13T16:00:01;6.0;3.0;16.0;0.0;0.0;0.0
2012-06-10T17:24:02;6.0;7.0;17.0;24.0;1.0;0.0
2012-06-07T01:45:02;6.0;4.0;1.0;45.0;0.0;0.0
2012-06-06T16:43:02;6.0;3.0;16.0;43.0;0.0;0.0
2012-06-06T15:45:02;6.0;3.0;15.0;45.0;0.0;0.0
2012-06-03T16:09:02;6.0;7.0;16.0;9.0;1.0;0.0
2012-05-31T16:46:03;5.0;4.0;16.0;46.0;0.0;0.0
2012-05-30T15:26:02;5.0;3.0;15.0;26.0;0.0;0.0
2012-05-28T16:48:02;5.0;1.0;16.0;48.0;0.0;1.0
2012-05-27T16:32:02;5.0;7.0;16.0;32.0;1.0;1.0
2012-05-23T16:13:02;5.0;3.0;16.0;13.0;0.0;0.0
2012-05-22T16:19:02;5.0;2.0;16.0;19.0;0.0;0.0
2012-05-20T14:30:01;5.0;7.0;14.0;30.0;1.0;0.0
2012-05-19T19:14:01;5.0;6.0;19.0;14.0;1.0;0.0
2012-05-17T18:09:01;5.0;4.0;18.0;9.0;0.0;1.0
2012-05-16T16:00:01;5.0;3.0;16.0;0.0;0.0;0.0
2012-05-10T17:10:02;5.0;4.0;17.0;10.0;0.0;0.0
2012-05-09T16:07:01;5.0;3.0;16.0;7.0;0.0;0.0
2012-05-06T15:18:35;5.0;7.0;15.0;18.0;1.0;0.0
2012-05-03T03:13:01;5.0;4.0;3.0;13.0;0.0;0.0
2012-05-02T15:54:35;5.0;3.0;15.0;54.0;0.0;0.0
2012-05-01T15:04:01;5.0;2.0;15.0;4.0;0.0;1.0
2012-04-30T17:52:01;4.0;1.0;17.0;52.0;0.0;0.0
2012-04-29T15:03:01;4.0;7.0;15.0;3.0;1.0;0.0
2012-04-26T18:12:01;4.0;4.0;18.0;12.0;0.0;0.0
2012-04-25T15:52:01;4.0;3.0;15.0;52.0;0.0;0.0
2012-04-22T16:56:02;4.0;7.0;16.0;56.0;1.0;0.0
2012-04-18T15:51:01;4.0;3.0;15.0;51.0;0.0;0.0
2012-04-15T15:26:01;4.0;7.0;15.0;26.0;1.0;0.0
2012-04-12T18:19:02;4.0;4.0;18.0;19.0;0.0;0.0
2012-04-11T15:35:01;4.0;3.0;15.0;35.0;0.0;0.0
2012-04-09T02:43:46;4.0;1.0;2.0;43.0;0.0;1.0
2012-04-09T02:03:01;4.0;1.0;2.0;3.0;0.0;1.0
2012-04-08T16:02:11;4.0;7.0;16.0;2.0;1.0;1.0
2012-04-01T17:48:27;4.0;7.0;17.0;48.0;1.0;0.0
2012-03-29T15:48:59;3.0;4.0;15.0;48.0;0.0;0.0
2012-03-28T16:10:57;3.0;3.0;16.0;10.0;0.0;0.0
2012-03-27T22:09:56;3.0;2.0;22.0;9.0;0.0;0.0
2012-03-26T15:18:52;3.0;1.0;15.0;18.0;0.0;0.0
2012-03-25T15:42:10;3.0;7.0;15.0;42.0;1.0;0.0
2012-03-24T23:34:43;3.0;6.0;23.0;34.0;1.0;0.0
2012-03-24T19:44:56;3.0;6.0;19.0;44.0;1.0;0.0
2012-03-21T19:44:45;3.0;3.0;19.0;44.0;0.0;0.0
2012-03-21T15:34:07;3.0;3.0;15.0;34.0;0.0;0.0
2012-03-18T16:43:01;3.0;7.0;16.0;43.0;1.0;0.0
2012-03-15T19:33:39;3.0;4.0;19.0;33.0;0.0;0.0
2012-03-14T14:52:39;3.0;3.0;14.0;52.0;0.0;0.0
2012-03-11T23:33:07;3.0;7.0;23.0;33.0;1.0;0.0
2012-03-11T17:50:07;3.0;7.0;17.0;50.0;1.0;0.0
2012-03-10T11:51:17;3.0;6.0;11.0;51.0;1.0;0.0
2012-03-07T16:53:45;3.0;3.0;16.0;53.0;0.0;0.0
2012-03-06T19:56:01;3.0;2.0;19.0;56.0;0.0;0.0
2012-03-04T16:26:28;3.0;7.0;16.0;26.0;1.0;0.0
2012-03-03T20:00:24;3.0;6.0;20.0;0.0;1.0;0.0
2012-03-02T18:43:49;3.0;5.0;18.0;43.0;0.0;0.0
2012-03-02T17:18:36;3.0;5.0;17.0;18.0;0.0;0.0
2012-02-29T16:53:28;2.0;3.0;16.0;53.0;0.0;0.0
2012-02-28T19:54:11;2.0;2.0;19.0;54.0;0.0;0.0
2012-02-27T20:05:40;2.0;1.0;20.0;5.0;0.0;0.0
2012-02-27T15:02:08;2.0;1.0;15.0;2.0;0.0;0.0
2012-02-26T18:29:35;2.0;7.0;18.0;29.0;1.0;0.0
2012-02-25T17:23:05;2.0;6.0;17.0;23.0;1.0;0.0
2012-02-24T13:37:07;2.0;5.0;13.0;37.0;0.0;0.0
2012-02-23T20:40:44;2.0;4.0;20.0;40.0;0.0;0.0
2012-02-22T17:12:28;2.0;3.0;17.0;12.0;0.0;0.0
2012-02-19T19:51:28;2.0;7.0;19.0;51.0;1.0;0.0
2012-02-19T17:06:04;2.0;7.0;17.0;6.0;1.0;0.0
2012-02-17T07:56:56;2.0;5.0;7.0;56.0;0.0;0.0
2012-02-15T20:41:52;2.0;3.0;20.0;41.0;0.0;0.0
2012-02-15T10:21:48;2.0;3.0;10.0;21.0;0.0;0.0
2012-02-14T08:03:29;2.0;2.0;8.0;3.0;0.0;0.0
2012-02-13T11:26:09;2.0;1.0;11.0;26.0;0.0;0.0
2012-02-12T17:26:08;2.0;7.0;17.0;26.0;1.0;0.0
2012-02-08T18:16:44;2.0;3.0;18.0;16.0;0.0;0.0
2012-02-08T17:01:15;2.0;3.0;17.0;1.0;0.0;0.0
2012-02-06T18:27:19;2.0;1.0;18.0;27.0;0.0;0.0
2012-02-05T16:56:58;2.0;7.0;16.0;56.0;1.0;0.0
2012-02-04T17:20:37;2.0;6.0;17.0;20.0;1.0;0.0
2012-02-01T20:50:04;2.0;3.0;20.0;50.0;0.0;0.0
2012-02-01T17:20:40;2.0;3.0;17.0;20.0;0.0;0.0
2012-01-29T18:59:09;1.0;7.0;18.0;59.0;1.0;0.0
2012-01-29T17:06:27;1.0;7.0;17.0;6.0;1.0;0.0
2012-01-29T01:51:34;1.0;7.0;1.0;51.0;1.0;0.0
2012-01-28T22:34:35;1.0;6.0;22.0;34.0;1.0;0.0
2012-01-28T21:38:24;1.0;6.0;21.0;38.0;1.0;0.0
2012-01-28T18:05:23;1.0;6.0;18.0;5.0;1.0;0.0
2012-01-28T16:47:17;1.0;6.0;16.0;47.0;1.0;0.0
2012-01-28T15:58:44;1.0;6.0;15.0;58.0;1.0;0.0
2012-01-27T19:24:38;1.0;5.0;19.0;24.0;0.0;0.0
2012-01-26T16:51:09;1.0;4.0;16.0;51.0;0.0;0.0
2012-01-22T15:12:32;1.0;7.0;15.0;12.0;1.0;0.0
2012-01-19T15:09:15;1.0;4.0;15.0;9.0;0.0;0.0
2012-01-18T17:02:19;1.0;3.0;17.0;2.0;0.0;0.0
2012-01-17T17:44:59;1.0;2.0;17.0;44.0;0.0;0.0
2012-01-15T18:26:48;1.0;7.0;18.0;26.0;1.0;0.0
2012-01-14T17:36:37;1.0;6.0;17.0;36.0;1.0;0.0
2012-01-13T15:50:40;1.0;5.0;15.0;50.0;0.0;0.0
2012-01-11T20:59:44;1.0;3.0;20.0;59.0;0.0;0.0
2012-01-01T19:55:42;1.0;7.0;19.0;55.0;1.0;1.0
2012-01-01T01:36:33;1.0;7.0;1.0;36.0;1.0;1.0
2011-12-31T19:34:30;12.0;6.0;19.0;34.0;1.0;0.0